id,valor,tipoEvaluacion,fecha,estudiante_id,materia_id
1,3.9,Parcial,2026-04-12,9,1
2,3.4,Final,2026-05-24,9,1
3,4.0,Taller,2026-07-05,9,1
4,4.7,Taller,2026-04-12,9,2
5,3.3,Taller,2026-05-24,9,2
6,3.3,Parcial,2026-07-05,9,2
7,4.8,Parcial,2026-04-12,9,3
8,4.1,Taller,2026-05-24,9,3
9,3.1,Parcial,2026-07-05,9,3
10,3.9,Parcial,2026-04-12,9,4
11,3.1,Taller,2026-05-24,9,4
12,3.1,Parcial,2026-07-05,9,4
13,3.7,Taller,2026-04-12,10,1
14,2.0,Taller,2026-05-24,10,1
15,2.1,Final,2026-07-05,10,1
16,3.1,Taller,2026-04-12,10,2
17,2.7,Parcial,2026-05-24,10,2
18,3.8,Final,2026-07-05,10,2
19,2.8,Taller,2026-04-12,10,3
20,2.4,Final,2026-05-24,10,3
21,4.7,Parcial,2026-07-05,10,3
22,3.3,Taller,2026-04-12,10,4
23,3.6,Parcial,2026-05-24,10,4
24,2.4,Final,2026-07-05,10,4
25,3.1,Taller,2026-04-12,11,1
26,3.6,Final,2026-05-24,11,1
27,2.6,Final,2026-07-05,11,1
28,3.8,Taller,2026-04-12,11,2
29,3.0,Final,2026-05-24,11,2
30,3.3,Parcial,2026-07-05,11,2
31,3.0,Final,2026-04-12,11,3
32,5.0,Parcial,2026-05-24,11,3
33,3.5,Parcial,2026-07-05,11,3
34,2.7,Final,2026-04-12,11,4
35,4.2,Parcial,2026-05-24,11,4
36,2.5,Taller,2026-07-05,11,4
37,3.7,Parcial,2026-04-12,12,1
38,1.9,Parcial,2026-05-24,12,1
39,2.4,Parcial,2026-07-05,12,1
40,3.7,Taller,2026-04-12,12,2
41,4.1,Taller,2026-05-24,12,2
42,3.6,Taller,2026-07-05,12,2
43,3.4,Final,2026-04-12,12,3
44,3.3,Taller,2026-05-24,12,3
45,2.3,Parcial,2026-07-05,12,3
46,2.9,Taller,2026-04-12,12,4
47,3.1,Taller,2026-05-24,12,4
48,4.3,Parcial,2026-07-05,12,4
49,3.8,Final,2026-04-12,13,1
50,2.1,Taller,2026-05-24,13,1
51,3.8,Final,2026-07-05,13,1
52,3.2,Final,2026-04-12,13,2
53,3.0,Final,2026-05-24,13,2
54,4.0,Parcial,2026-07-05,13,2
55,4.3,Final,2026-04-12,13,3
56,4.2,Final,2026-05-24,13,3
57,2.8,Parcial,2026-07-05,13,3
58,3.3,Final,2026-04-12,13,4
59,3.8,Final,2026-05-24,13,4
60,4.3,Parcial,2026-07-05,13,4
61,3.1,Parcial,2026-04-12,14,1
62,3.4,Taller,2026-05-24,14,1
63,2.6,Taller,2026-07-05,14,1
64,2.5,Taller,2026-04-12,14,2
65,4.2,Final,2026-05-24,14,2
66,4.6,Final,2026-07-05,14,2
67,3.4,Final,2026-04-12,14,3
68,4.3,Parcial,2026-05-24,14,3
69,3.8,Final,2026-07-05,14,3
70,3.0,Taller,2026-04-12,14,4
71,3.8,Parcial,2026-05-24,14,4
72,4.7,Parcial,2026-07-05,14,4
73,3.5,Parcial,2026-04-12,15,1
74,4.8,Taller,2026-05-24,15,1
75,1.4,Taller,2026-07-05,15,1
76,4.2,Taller,2026-04-12,15,2
77,3.6,Parcial,2026-05-24,15,2
78,3.3,Parcial,2026-07-05,15,2
79,3.6,Final,2026-04-12,15,3
80,1.9,Final,2026-05-24,15,3
81,3.3,Taller,2026-07-05,15,3
82,3.8,Parcial,2026-04-12,15,4
83,4.7,Final,2026-05-24,15,4
84,3.1,Taller,2026-07-05,15,4
85,2.9,Taller,2026-04-12,16,1
86,3.1,Final,2026-05-24,16,1
87,4.2,Taller,2026-07-05,16,1
88,3.8,Parcial,2026-04-12,16,2
89,3.1,Taller,2026-05-24,16,2
90,3.9,Parcial,2026-07-05,16,2
91,3.6,Parcial,2026-04-12,16,3
92,4.3,Final,2026-05-24,16,3
93,2.9,Final,2026-07-05,16,3
94,3.2,Final,2026-04-12,16,4
95,3.2,Taller,2026-05-24,16,4
96,2.3,Final,2026-07-05,16,4
97,3.7,Final,2026-04-12,17,1
98,3.7,Taller,2026-05-24,17,1
99,3.5,Final,2026-07-05,17,1
100,3.3,Taller,2026-04-12,17,2
101,2.4,Taller,2026-05-24,17,2
102,3.2,Parcial,2026-07-05,17,2
103,3.2,Parcial,2026-04-12,17,3
104,2.9,Final,2026-05-24,17,3
105,3.4,Taller,2026-07-05,17,3
106,3.8,Parcial,2026-04-12,17,4
107,5.0,Parcial,2026-05-24,17,4
108,3.6,Parcial,2026-07-05,17,4
109,3.7,Parcial,2026-04-12,18,1
110,3.4,Final,2026-05-24,18,1
111,2.0,Parcial,2026-07-05,18,1
112,3.5,Final,2026-04-12,18,2
113,3.5,Taller,2026-05-24,18,2
114,5.0,Final,2026-07-05,18,2
115,3.3,Parcial,2026-04-12,18,3
116,3.7,Taller,2026-05-24,18,3
117,3.5,Taller,2026-07-05,18,3
118,2.6,Final,2026-04-12,18,4
119,4.4,Taller,2026-05-24,18,4
120,4.1,Final,2026-07-05,18,4
121,4.1,Taller,2026-04-12,19,1
122,2.8,Final,2026-05-24,19,1
123,4.6,Parcial,2026-07-05,19,1
124,2.4,Final,2026-04-12,19,2
125,4.0,Final,2026-05-24,19,2
126,5.0,Parcial,2026-07-05,19,2
127,2.7,Final,2026-04-12,19,3
128,3.0,Final,2026-05-24,19,3
129,3.6,Taller,2026-07-05,19,3
130,3.1,Final,2026-04-12,19,4
131,2.3,Taller,2026-05-24,19,4
132,3.6,Parcial,2026-07-05,19,4
133,2.7,Taller,2026-04-12,20,1
134,3.9,Taller,2026-05-24,20,1
135,2.8,Parcial,2026-07-05,20,1
136,4.7,Taller,2026-04-12,20,2
137,2.9,Parcial,2026-05-24,20,2
138,3.2,Final,2026-07-05,20,2
139,4.2,Final,2026-04-12,20,3
140,2.5,Taller,2026-05-24,20,3
141,3.7,Final,2026-07-05,20,3
142,4.5,Parcial,2026-04-12,20,4
143,2.2,Final,2026-05-24,20,4
144,3.6,Parcial,2026-07-05,20,4
145,3.7,Final,2026-04-12,21,1
146,4.1,Taller,2026-05-24,21,1
147,2.5,Final,2026-07-05,21,1
148,2.4,Final,2026-04-12,21,2
149,3.9,Final,2026-05-24,21,2
150,3.7,Parcial,2026-07-05,21,2
151,3.7,Parcial,2026-04-12,21,3
152,3.8,Taller,2026-05-24,21,3
153,3.0,Parcial,2026-07-05,21,3
154,3.7,Final,2026-04-12,21,4
155,3.7,Final,2026-05-24,21,4
156,2.9,Parcial,2026-07-05,21,4
157,5.0,Final,2026-04-12,22,1
158,3.9,Taller,2026-05-24,22,1
159,2.5,Taller,2026-07-05,22,1
160,4.0,Parcial,2026-04-12,22,2
161,2.7,Parcial,2026-05-24,22,2
162,4.1,Taller,2026-07-05,22,2
163,4.4,Taller,2026-04-12,22,3
164,2.8,Parcial,2026-05-24,22,3
165,4.3,Parcial,2026-07-05,22,3
166,3.8,Parcial,2026-04-12,22,4
167,4.2,Final,2026-05-24,22,4
168,5.0,Parcial,2026-07-05,22,4
169,3.3,Parcial,2026-04-12,23,1
170,2.9,Final,2026-05-24,23,1
171,2.8,Taller,2026-07-05,23,1
172,2.8,Parcial,2026-04-12,23,2
173,3.4,Final,2026-05-24,23,2
174,3.8,Parcial,2026-07-05,23,2
175,3.7,Parcial,2026-04-12,23,3
176,4.2,Final,2026-05-24,23,3
177,3.5,Taller,2026-07-05,23,3
178,4.7,Final,2026-04-12,23,4
179,3.3,Parcial,2026-05-24,23,4
180,5.0,Taller,2026-07-05,23,4
181,4.0,Final,2026-04-12,24,1
182,2.8,Final,2026-05-24,24,1
183,2.6,Taller,2026-07-05,24,1
184,3.9,Parcial,2026-04-12,24,2
185,3.3,Final,2026-05-24,24,2
186,4.1,Final,2026-07-05,24,2
187,3.9,Final,2026-04-12,24,3
188,3.4,Parcial,2026-05-24,24,3
189,2.8,Final,2026-07-05,24,3
190,2.3,Taller,2026-04-12,24,4
191,3.1,Taller,2026-05-24,24,4
192,4.2,Final,2026-07-05,24,4
193,3.7,Final,2026-04-12,25,1
194,2.5,Taller,2026-05-24,25,1
195,3.6,Taller,2026-07-05,25,1
196,3.8,Final,2026-04-12,25,2
197,2.8,Taller,2026-05-24,25,2
198,3.6,Parcial,2026-07-05,25,2
199,3.5,Parcial,2026-04-12,25,3
200,2.6,Parcial,2026-05-24,25,3
201,3.8,Parcial,2026-07-05,25,3
202,3.9,Taller,2026-04-12,25,4
203,4.4,Parcial,2026-05-24,25,4
204,4.3,Final,2026-07-05,25,4
205,2.4,Final,2026-04-12,26,1
206,2.7,Parcial,2026-05-24,26,1
207,3.9,Final,2026-07-05,26,1
208,3.9,Parcial,2026-04-12,26,2
209,3.9,Parcial,2026-05-24,26,2
210,5.0,Parcial,2026-07-05,26,2
211,4.0,Final,2026-04-12,26,3
212,4.4,Final,2026-05-24,26,3
213,4.3,Parcial,2026-07-05,26,3
214,4.0,Parcial,2026-04-12,26,4
215,3.2,Parcial,2026-05-24,26,4
216,4.1,Parcial,2026-07-05,26,4
217,2.9,Taller,2026-04-12,27,1
218,3.3,Parcial,2026-05-24,27,1
219,3.1,Final,2026-07-05,27,1
220,3.6,Parcial,2026-04-12,27,2
221,5.0,Taller,2026-05-24,27,2
222,2.0,Final,2026-07-05,27,2
223,4.0,Taller,2026-04-12,27,3
224,2.2,Parcial,2026-05-24,27,3
225,3.1,Final,2026-07-05,27,3
226,4.4,Parcial,2026-04-12,27,4
227,3.6,Final,2026-05-24,27,4
228,2.6,Final,2026-07-05,27,4
229,2.9,Final,2026-04-12,28,1
230,4.0,Taller,2026-05-24,28,1
231,2.9,Parcial,2026-07-05,28,1
232,3.7,Taller,2026-04-12,28,2
233,3.5,Taller,2026-05-24,28,2
234,3.0,Parcial,2026-07-05,28,2
235,5.0,Parcial,2026-04-12,28,3
236,4.0,Parcial,2026-05-24,28,3
237,1.9,Final,2026-07-05,28,3
238,3.6,Taller,2026-04-12,28,4
239,3.0,Taller,2026-05-24,28,4
240,4.2,Taller,2026-07-05,28,4
241,2.9,Taller,2026-04-12,29,1
242,3.4,Taller,2026-05-24,29,1
243,3.9,Final,2026-07-05,29,1
244,4.2,Parcial,2026-04-12,29,2
245,2.5,Final,2026-05-24,29,2
246,3.2,Final,2026-07-05,29,2
247,3.1,Final,2026-04-12,29,3
248,3.0,Parcial,2026-05-24,29,3
249,4.9,Parcial,2026-07-05,29,3
250,3.8,Taller,2026-04-12,29,4
251,2.5,Final,2026-05-24,29,4
252,4.2,Taller,2026-07-05,29,4
253,5.0,Parcial,2026-04-12,30,1
254,4.3,Parcial,2026-05-24,30,1
255,2.3,Parcial,2026-07-05,30,1
256,3.1,Parcial,2026-04-12,30,2
257,4.5,Final,2026-05-24,30,2
258,2.9,Taller,2026-07-05,30,2
259,3.9,Parcial,2026-04-12,30,3
260,4.1,Taller,2026-05-24,30,3
261,2.8,Parcial,2026-07-05,30,3
262,3.5,Taller,2026-04-12,30,4
263,0.9,Taller,2026-05-24,30,4
264,2.7,Parcial,2026-07-05,30,4
265,3.3,Parcial,2026-04-12,31,1
266,2.5,Taller,2026-05-24,31,1
267,4.8,Final,2026-07-05,31,1
268,2.4,Parcial,2026-04-12,31,2
269,3.1,Parcial,2026-05-24,31,2
270,3.6,Final,2026-07-05,31,2
271,4.7,Final,2026-04-12,31,3
272,2.4,Parcial,2026-05-24,31,3
273,4.4,Parcial,2026-07-05,31,3
274,3.5,Parcial,2026-04-12,31,4
275,2.7,Parcial,2026-05-24,31,4
276,3.9,Taller,2026-07-05,31,4
277,3.7,Taller,2026-04-12,32,1
278,3.0,Taller,2026-05-24,32,1
279,3.6,Parcial,2026-07-05,32,1
280,3.2,Taller,2026-04-12,32,2
281,3.6,Parcial,2026-05-24,32,2
282,4.0,Parcial,2026-07-05,32,2
283,4.8,Taller,2026-04-12,32,3
284,2.5,Parcial,2026-05-24,32,3
285,5.0,Taller,2026-07-05,32,3
286,1.9,Taller,2026-04-12,32,4
287,3.4,Taller,2026-05-24,32,4
288,4.0,Taller,2026-07-05,32,4
289,3.7,Taller,2026-04-12,33,1
290,3.0,Final,2026-05-24,33,1
291,3.3,Final,2026-07-05,33,1
292,3.1,Final,2026-04-12,33,2
293,3.0,Final,2026-05-24,33,2
294,4.2,Final,2026-07-05,33,2
295,3.8,Taller,2026-04-12,33,3
296,2.9,Parcial,2026-05-24,33,3
297,4.2,Parcial,2026-07-05,33,3
298,3.7,Taller,2026-04-12,33,4
299,4.2,Parcial,2026-05-24,33,4
300,4.0,Parcial,2026-07-05,33,4
301,2.8,Final,2026-04-12,34,1
302,3.1,Final,2026-05-24,34,1
303,4.1,Final,2026-07-05,34,1
304,4.0,Parcial,2026-04-12,34,2
305,3.5,Final,2026-05-24,34,2
306,3.6,Taller,2026-07-05,34,2
307,4.5,Parcial,2026-04-12,34,3
308,3.0,Parcial,2026-05-24,34,3
309,3.9,Final,2026-07-05,34,3
310,3.3,Taller,2026-04-12,34,4
311,3.3,Final,2026-05-24,34,4
312,4.4,Final,2026-07-05,34,4
313,4.2,Parcial,2026-04-12,35,1
314,4.2,Parcial,2026-05-24,35,1
315,4.5,Final,2026-07-05,35,1
316,3.5,Parcial,2026-04-12,35,2
317,4.0,Parcial,2026-05-24,35,2
318,3.3,Parcial,2026-07-05,35,2
319,3.8,Final,2026-04-12,35,3
320,3.4,Parcial,2026-05-24,35,3
321,3.6,Final,2026-07-05,35,3
322,4.0,Parcial,2026-04-12,35,4
323,2.8,Taller,2026-05-24,35,4
324,5.0,Parcial,2026-07-05,35,4
325,2.7,Final,2026-04-12,36,1
326,2.5,Parcial,2026-05-24,36,1
327,4.4,Final,2026-07-05,36,1
328,4.1,Final,2026-04-12,36,2
329,4.0,Parcial,2026-05-24,36,2
330,4.0,Final,2026-07-05,36,2
331,3.5,Parcial,2026-04-12,36,3
332,2.8,Taller,2026-05-24,36,3
333,3.6,Final,2026-07-05,36,3
334,3.0,Final,2026-04-12,36,4
335,4.3,Final,2026-05-24,36,4
336,3.4,Final,2026-07-05,36,4
337,2.8,Taller,2026-04-12,37,1
338,3.2,Taller,2026-05-24,37,1
339,3.8,Parcial,2026-07-05,37,1
340,3.0,Final,2026-04-12,37,2
341,2.8,Final,2026-05-24,37,2
342,3.7,Taller,2026-07-05,37,2
343,3.7,Parcial,2026-04-12,37,3
344,3.1,Taller,2026-05-24,37,3
345,3.1,Taller,2026-07-05,37,3
346,3.7,Parcial,2026-04-12,37,4
347,2.3,Final,2026-05-24,37,4
348,2.4,Final,2026-07-05,37,4
349,2.9,Taller,2026-04-12,38,1
350,3.3,Taller,2026-05-24,38,1
351,3.7,Taller,2026-07-05,38,1
352,4.7,Parcial,2026-04-12,38,2
353,4.2,Parcial,2026-05-24,38,2
354,3.4,Taller,2026-07-05,38,2
355,3.5,Final,2026-04-12,38,3
356,2.7,Final,2026-05-24,38,3
357,3.5,Parcial,2026-07-05,38,3
358,3.3,Parcial,2026-04-12,38,4
359,3.8,Final,2026-05-24,38,4
360,2.8,Parcial,2026-07-05,38,4
361,3.9,Final,2026-04-12,39,1
362,4.7,Taller,2026-05-24,39,1
363,3.4,Parcial,2026-07-05,39,1
364,3.8,Taller,2026-04-12,39,2
365,4.1,Parcial,2026-05-24,39,2
366,3.2,Parcial,2026-07-05,39,2
367,3.7,Taller,2026-04-12,39,3
368,3.5,Taller,2026-05-24,39,3
369,3.6,Parcial,2026-07-05,39,3
370,2.9,Taller,2026-04-12,39,4
371,3.5,Final,2026-05-24,39,4
372,3.9,Final,2026-07-05,39,4
373,4.7,Taller,2026-04-12,40,1
374,4.3,Final,2026-05-24,40,1
375,5.0,Final,2026-07-05,40,1
376,2.9,Final,2026-04-12,40,2
377,4.2,Parcial,2026-05-24,40,2
378,3.6,Final,2026-07-05,40,2
379,5.0,Final,2026-04-12,40,3
380,2.9,Taller,2026-05-24,40,3
381,2.8,Final,2026-07-05,40,3
382,3.0,Parcial,2026-04-12,40,4
383,1.8,Parcial,2026-05-24,40,4
384,3.1,Taller,2026-07-05,40,4
385,2.9,Parcial,2026-04-12,41,1
386,3.6,Parcial,2026-05-24,41,1
387,3.8,Final,2026-07-05,41,1
388,5.0,Final,2026-04-12,41,2
389,4.3,Parcial,2026-05-24,41,2
390,3.0,Taller,2026-07-05,41,2
391,2.8,Taller,2026-04-12,41,3
392,3.9,Final,2026-05-24,41,3
393,2.4,Parcial,2026-07-05,41,3
394,5.0,Final,2026-04-12,41,4
395,4.4,Taller,2026-05-24,41,4
396,3.1,Parcial,2026-07-05,41,4
397,2.1,Final,2026-04-12,42,1
398,4.6,Final,2026-05-24,42,1
399,3.4,Taller,2026-07-05,42,1
400,4.5,Final,2026-04-12,42,2
401,2.2,Taller,2026-05-24,42,2
402,3.0,Taller,2026-07-05,42,2
403,3.5,Parcial,2026-04-12,42,3
404,3.5,Parcial,2026-05-24,42,3
405,3.1,Final,2026-07-05,42,3
406,4.0,Taller,2026-04-12,42,4
407,2.6,Taller,2026-05-24,42,4
408,3.4,Parcial,2026-07-05,42,4
409,3.6,Parcial,2026-04-12,43,1
410,3.9,Taller,2026-05-24,43,1
411,4.1,Parcial,2026-07-05,43,1
412,2.6,Final,2026-04-12,43,2
413,2.3,Taller,2026-05-24,43,2
414,4.5,Parcial,2026-07-05,43,2
415,3.8,Final,2026-04-12,43,3
416,2.9,Taller,2026-05-24,43,3
417,4.7,Final,2026-07-05,43,3
418,3.6,Final,2026-04-12,43,4
419,4.4,Taller,2026-05-24,43,4
420,3.6,Final,2026-07-05,43,4
421,5.0,Parcial,2026-04-12,44,1
422,4.9,Parcial,2026-05-24,44,1
423,3.3,Parcial,2026-07-05,44,1
424,4.3,Final,2026-04-12,44,2
425,4.0,Parcial,2026-05-24,44,2
426,4.6,Final,2026-07-05,44,2
427,2.7,Parcial,2026-04-12,44,3
428,4.0,Taller,2026-05-24,44,3
429,4.3,Final,2026-07-05,44,3
430,2.1,Final,2026-04-12,44,4
431,2.6,Parcial,2026-05-24,44,4
432,1.9,Taller,2026-07-05,44,4
433,3.3,Parcial,2026-04-12,45,1
434,4.1,Parcial,2026-05-24,45,1
435,4.7,Taller,2026-07-05,45,1
436,3.6,Taller,2026-04-12,45,2
437,4.8,Parcial,2026-05-24,45,2
438,2.4,Taller,2026-07-05,45,2
439,2.1,Parcial,2026-04-12,45,3
440,3.5,Final,2026-05-24,45,3
441,3.8,Parcial,2026-07-05,45,3
442,3.5,Final,2026-04-12,45,4
443,1.8,Parcial,2026-05-24,45,4
444,3.4,Taller,2026-07-05,45,4
445,2.5,Final,2026-04-12,46,1
446,4.0,Taller,2026-05-24,46,1
447,3.8,Final,2026-07-05,46,1
448,2.7,Final,2026-04-12,46,2
449,3.1,Parcial,2026-05-24,46,2
450,2.7,Parcial,2026-07-05,46,2
451,3.4,Parcial,2026-04-12,46,3
452,4.3,Parcial,2026-05-24,46,3
453,2.7,Taller,2026-07-05,46,3
454,3.9,Parcial,2026-04-12,46,4
455,3.1,Parcial,2026-05-24,46,4
456,2.9,Final,2026-07-05,46,4
457,3.4,Taller,2026-04-12,47,1
458,2.7,Taller,2026-05-24,47,1
459,3.1,Final,2026-07-05,47,1
460,2.5,Final,2026-04-12,47,2
461,5.0,Parcial,2026-05-24,47,2
462,3.5,Taller,2026-07-05,47,2
463,2.9,Parcial,2026-04-12,47,3
464,3.7,Final,2026-05-24,47,3
465,3.4,Parcial,2026-07-05,47,3
466,3.3,Taller,2026-04-12,47,4
467,4.0,Parcial,2026-05-24,47,4
468,4.1,Taller,2026-07-05,47,4
469,3.1,Parcial,2026-04-12,48,1
470,3.0,Parcial,2026-05-24,48,1
471,3.3,Taller,2026-07-05,48,1
472,1.7,Taller,2026-04-12,48,2
473,2.3,Taller,2026-05-24,48,2
474,4.6,Parcial,2026-07-05,48,2
475,4.8,Parcial,2026-04-12,48,3
476,3.3,Parcial,2026-05-24,48,3
477,4.0,Final,2026-07-05,48,3
478,3.7,Parcial,2026-04-12,48,4
479,5.0,Taller,2026-05-24,48,4
480,4.4,Taller,2026-07-05,48,4
481,3.4,Taller,2026-04-12,49,1
482,2.7,Parcial,2026-05-24,49,1
483,2.2,Taller,2026-07-05,49,1
484,3.7,Taller,2026-04-12,49,2
485,2.9,Final,2026-05-24,49,2
486,2.4,Final,2026-07-05,49,2
487,3.0,Taller,2026-04-12,49,3
488,2.6,Final,2026-05-24,49,3
489,4.8,Final,2026-07-05,49,3
490,4.2,Taller,2026-04-12,49,4
491,3.5,Parcial,2026-05-24,49,4
492,4.7,Parcial,2026-07-05,49,4
493,3.6,Taller,2026-04-12,50,1
494,2.8,Parcial,2026-05-24,50,1
495,4.7,Final,2026-07-05,50,1
496,3.9,Taller,2026-04-12,50,2
497,2.7,Parcial,2026-05-24,50,2
498,3.3,Parcial,2026-07-05,50,2
499,2.8,Final,2026-04-12,50,3
500,2.4,Taller,2026-05-24,50,3
501,4.2,Taller,2026-07-05,50,3
502,5.0,Final,2026-04-12,50,4
503,2.4,Taller,2026-05-24,50,4
504,4.0,Taller,2026-07-05,50,4
505,3.0,Final,2026-04-12,51,1
506,3.1,Final,2026-05-24,51,1
507,3.0,Parcial,2026-07-05,51,1
508,2.8,Taller,2026-04-12,51,2
509,3.5,Final,2026-05-24,51,2
510,2.8,Parcial,2026-07-05,51,2
511,3.7,Taller,2026-04-12,51,3
512,3.5,Parcial,2026-05-24,51,3
513,3.3,Final,2026-07-05,51,3
514,2.8,Taller,2026-04-12,51,4
515,3.0,Parcial,2026-05-24,51,4
516,4.1,Final,2026-07-05,51,4
517,3.9,Final,2026-04-12,52,1
518,2.7,Final,2026-05-24,52,1
519,3.6,Final,2026-07-05,52,1
520,4.1,Final,2026-04-12,52,2
521,2.2,Final,2026-05-24,52,2
522,3.9,Final,2026-07-05,52,2
523,3.0,Parcial,2026-04-12,52,3
524,4.0,Taller,2026-05-24,52,3
525,2.9,Taller,2026-07-05,52,3
526,2.1,Parcial,2026-04-12,52,4
527,2.2,Final,2026-05-24,52,4
528,3.5,Taller,2026-07-05,52,4
529,3.7,Final,2026-04-12,53,1
530,2.8,Taller,2026-05-24,53,1
531,4.0,Final,2026-07-05,53,1
532,2.2,Parcial,2026-04-12,53,2
533,3.4,Final,2026-05-24,53,2
534,2.5,Taller,2026-07-05,53,2
535,3.0,Final,2026-04-12,53,3
536,3.5,Taller,2026-05-24,53,3
537,2.8,Final,2026-07-05,53,3
538,3.2,Taller,2026-04-12,53,4
539,4.3,Taller,2026-05-24,53,4
540,3.0,Taller,2026-07-05,53,4
541,4.2,Final,2026-04-12,54,1
542,2.6,Taller,2026-05-24,54,1
543,3.9,Final,2026-07-05,54,1
544,4.7,Parcial,2026-04-12,54,2
545,1.5,Parcial,2026-05-24,54,2
546,2.9,Taller,2026-07-05,54,2
547,4.0,Final,2026-04-12,54,3
548,3.3,Taller,2026-05-24,54,3
549,3.8,Final,2026-07-05,54,3
550,3.0,Final,2026-04-12,54,4
551,3.6,Parcial,2026-05-24,54,4
552,3.4,Final,2026-07-05,54,4
553,4.4,Final,2026-04-12,55,1
554,3.7,Taller,2026-05-24,55,1
555,3.8,Taller,2026-07-05,55,1
556,3.2,Final,2026-04-12,55,2
557,3.1,Parcial,2026-05-24,55,2
558,3.2,Taller,2026-07-05,55,2
559,3.8,Taller,2026-04-12,55,3
560,3.2,Parcial,2026-05-24,55,3
561,3.7,Taller,2026-07-05,55,3
562,5.0,Final,2026-04-12,55,4
563,4.2,Final,2026-05-24,55,4
564,3.2,Final,2026-07-05,55,4
565,4.5,Taller,2026-04-12,56,1
566,3.2,Taller,2026-05-24,56,1
567,1.9,Taller,2026-07-05,56,1
568,2.7,Taller,2026-04-12,56,2
569,2.0,Final,2026-05-24,56,2
570,3.2,Parcial,2026-07-05,56,2
571,3.5,Final,2026-04-12,56,3
572,4.8,Taller,2026-05-24,56,3
573,3.8,Final,2026-07-05,56,3
574,3.3,Parcial,2026-04-12,56,4
575,4.2,Final,2026-05-24,56,4
576,1.7,Parcial,2026-07-05,56,4
577,3.7,Taller,2026-04-12,57,1
578,4.1,Final,2026-05-24,57,1
579,2.3,Final,2026-07-05,57,1
580,4.4,Final,2026-04-12,57,2
581,3.8,Final,2026-05-24,57,2
582,3.2,Taller,2026-07-05,57,2
583,4.0,Parcial,2026-04-12,57,3
584,5.0,Parcial,2026-05-24,57,3
585,3.6,Final,2026-07-05,57,3
586,3.7,Taller,2026-04-12,57,4
587,3.1,Parcial,2026-05-24,57,4
588,2.8,Parcial,2026-07-05,57,4
589,4.2,Parcial,2026-04-12,58,1
590,2.8,Parcial,2026-05-24,58,1
591,3.6,Parcial,2026-07-05,58,1
592,3.1,Parcial,2026-04-12,58,2
593,3.9,Taller,2026-05-24,58,2
594,3.8,Final,2026-07-05,58,2
595,4.3,Parcial,2026-04-12,58,3
596,3.1,Taller,2026-05-24,58,3
597,3.3,Taller,2026-07-05,58,3
598,2.7,Final,2026-04-12,58,4
599,3.1,Final,2026-05-24,58,4
600,3.8,Parcial,2026-07-05,58,4
601,4.1,Final,2026-04-12,59,1
602,2.8,Final,2026-05-24,59,1
603,4.2,Taller,2026-07-05,59,1
604,4.6,Taller,2026-04-12,59,2
605,3.8,Taller,2026-05-24,59,2
606,5.0,Parcial,2026-07-05,59,2
607,2.9,Parcial,2026-04-12,59,3
608,2.5,Final,2026-05-24,59,3
609,2.1,Final,2026-07-05,59,3
610,4.7,Parcial,2026-04-12,59,4
611,4.0,Parcial,2026-05-24,59,4
612,3.5,Taller,2026-07-05,59,4
613,3.7,Parcial,2026-04-12,60,1
614,2.6,Parcial,2026-05-24,60,1
615,5.0,Final,2026-07-05,60,1
616,3.6,Final,2026-04-12,60,2
617,3.6,Taller,2026-05-24,60,2
618,4.1,Parcial,2026-07-05,60,2
619,3.9,Final,2026-04-12,60,3
620,3.7,Parcial,2026-05-24,60,3
621,2.9,Parcial,2026-07-05,60,3
622,3.9,Taller,2026-04-12,60,4
623,5.0,Parcial,2026-05-24,60,4
624,4.6,Taller,2026-07-05,60,4
625,4.8,Final,2026-04-12,61,1
626,3.1,Final,2026-05-24,61,1
627,2.7,Final,2026-07-05,61,1
628,3.4,Final,2026-04-12,61,2
629,3.5,Taller,2026-05-24,61,2
630,4.4,Taller,2026-07-05,61,2
631,2.1,Final,2026-04-12,61,3
632,4.7,Final,2026-05-24,61,3
633,3.4,Final,2026-07-05,61,3
634,3.2,Taller,2026-04-12,61,4
635,2.7,Final,2026-05-24,61,4
636,2.2,Taller,2026-07-05,61,4
637,4.2,Parcial,2026-04-12,62,1
638,3.6,Final,2026-05-24,62,1
639,2.5,Taller,2026-07-05,62,1
640,2.5,Taller,2026-04-12,62,2
641,3.2,Taller,2026-05-24,62,2
642,4.8,Parcial,2026-07-05,62,2
643,3.3,Final,2026-04-12,62,3
644,2.3,Taller,2026-05-24,62,3
645,3.3,Final,2026-07-05,62,3
646,3.3,Taller,2026-04-12,62,4
647,1.3,Final,2026-05-24,62,4
648,3.5,Parcial,2026-07-05,62,4
649,3.3,Taller,2026-04-12,63,1
650,4.1,Taller,2026-05-24,63,1
651,5.0,Parcial,2026-07-05,63,1
652,4.4,Final,2026-04-12,63,2
653,3.3,Taller,2026-05-24,63,2
654,2.6,Parcial,2026-07-05,63,2
655,5.0,Taller,2026-04-12,63,3
656,3.5,Taller,2026-05-24,63,3
657,3.5,Taller,2026-07-05,63,3
658,3.5,Final,2026-04-12,63,4
659,3.7,Parcial,2026-05-24,63,4
660,3.4,Parcial,2026-07-05,63,4
661,3.0,Parcial,2026-04-12,64,1
662,3.1,Parcial,2026-05-24,64,1
663,3.5,Taller,2026-07-05,64,1
664,3.1,Final,2026-04-12,64,2
665,2.9,Parcial,2026-05-24,64,2
666,3.6,Final,2026-07-05,64,2
667,3.3,Parcial,2026-04-12,64,3
668,4.7,Parcial,2026-05-24,64,3
669,1.4,Taller,2026-07-05,64,3
670,4.4,Taller,2026-04-12,64,4
671,4.5,Taller,2026-05-24,64,4
672,1.8,Final,2026-07-05,64,4
673,3.2,Taller,2026-04-12,65,1
674,3.2,Taller,2026-05-24,65,1
675,2.4,Parcial,2026-07-05,65,1
676,2.9,Parcial,2026-04-12,65,2
677,2.6,Taller,2026-05-24,65,2
678,4.9,Taller,2026-07-05,65,2
679,4.2,Final,2026-04-12,65,3
680,4.5,Final,2026-05-24,65,3
681,4.1,Parcial,2026-07-05,65,3
682,2.6,Final,2026-04-12,65,4
683,3.1,Taller,2026-05-24,65,4
684,3.9,Taller,2026-07-05,65,4
685,2.5,Parcial,2026-04-12,66,1
686,4.1,Taller,2026-05-24,66,1
687,3.3,Taller,2026-07-05,66,1
688,3.2,Taller,2026-04-12,66,2
689,4.1,Taller,2026-05-24,66,2
690,3.9,Final,2026-07-05,66,2
691,3.2,Final,2026-04-12,66,3
692,4.4,Final,2026-05-24,66,3
693,2.6,Final,2026-07-05,66,3
694,4.0,Final,2026-04-12,66,4
695,4.0,Parcial,2026-05-24,66,4
696,3.3,Taller,2026-07-05,66,4
697,3.8,Parcial,2026-04-12,67,1
698,2.5,Taller,2026-05-24,67,1
699,4.2,Taller,2026-07-05,67,1
700,3.4,Taller,2026-04-12,67,2
701,3.1,Parcial,2026-05-24,67,2
702,4.3,Taller,2026-07-05,67,2
703,2.9,Taller,2026-04-12,67,3
704,2.4,Final,2026-05-24,67,3
705,2.3,Final,2026-07-05,67,3
706,4.0,Taller,2026-04-12,67,4
707,2.5,Final,2026-05-24,67,4
708,4.9,Parcial,2026-07-05,67,4
709,1.8,Taller,2026-04-12,68,1
710,4.9,Parcial,2026-05-24,68,1
711,3.7,Final,2026-07-05,68,1
712,3.4,Final,2026-04-12,68,2
713,3.1,Parcial,2026-05-24,68,2
714,3.8,Taller,2026-07-05,68,2
715,3.5,Final,2026-04-12,68,3
716,4.4,Final,2026-05-24,68,3
717,3.6,Final,2026-07-05,68,3
718,3.6,Parcial,2026-04-12,68,4
719,3.2,Parcial,2026-05-24,68,4
720,3.5,Final,2026-07-05,68,4
721,3.7,Taller,2026-04-12,69,5
722,2.1,Parcial,2026-05-24,69,5
723,2.4,Taller,2026-07-05,69,5
724,4.1,Parcial,2026-04-12,69,6
725,3.6,Parcial,2026-05-24,69,6
726,3.4,Taller,2026-07-05,69,6
727,3.5,Taller,2026-04-12,69,7
728,3.8,Taller,2026-05-24,69,7
729,3.1,Parcial,2026-07-05,69,7
730,2.9,Taller,2026-04-12,69,8
731,3.7,Taller,2026-05-24,69,8
732,2.7,Taller,2026-07-05,69,8
733,3.8,Taller,2026-04-12,70,5
734,2.1,Taller,2026-05-24,70,5
735,4.3,Taller,2026-07-05,70,5
736,3.9,Taller,2026-04-12,70,6
737,3.7,Parcial,2026-05-24,70,6
738,4.3,Taller,2026-07-05,70,6
739,4.8,Parcial,2026-04-12,70,7
740,4.3,Final,2026-05-24,70,7
741,2.0,Final,2026-07-05,70,7
742,2.5,Parcial,2026-04-12,70,8
743,3.0,Taller,2026-05-24,70,8
744,3.5,Parcial,2026-07-05,70,8
745,3.9,Final,2026-04-12,71,5
746,2.9,Parcial,2026-05-24,71,5
747,3.6,Final,2026-07-05,71,5
748,2.9,Parcial,2026-04-12,71,6
749,3.0,Parcial,2026-05-24,71,6
750,2.4,Parcial,2026-07-05,71,6
751,2.8,Parcial,2026-04-12,71,7
752,2.4,Parcial,2026-05-24,71,7
753,2.7,Final,2026-07-05,71,7
754,4.3,Parcial,2026-04-12,71,8
755,2.7,Parcial,2026-05-24,71,8
756,5.0,Parcial,2026-07-05,71,8
757,3.9,Taller,2026-04-12,72,5
758,3.6,Final,2026-05-24,72,5
759,2.8,Parcial,2026-07-05,72,5
760,4.1,Final,2026-04-12,72,6
761,3.0,Parcial,2026-05-24,72,6
762,3.6,Taller,2026-07-05,72,6
763,5.0,Final,2026-04-12,72,7
764,3.4,Taller,2026-05-24,72,7
765,4.4,Taller,2026-07-05,72,7
766,2.9,Parcial,2026-04-12,72,8
767,3.5,Final,2026-05-24,72,8
768,4.9,Final,2026-07-05,72,8
769,3.0,Final,2026-04-12,73,5
770,4.9,Final,2026-05-24,73,5
771,4.1,Parcial,2026-07-05,73,5
772,3.1,Parcial,2026-04-12,73,6
773,4.0,Taller,2026-05-24,73,6
774,4.3,Parcial,2026-07-05,73,6
775,4.0,Final,2026-04-12,73,7
776,2.2,Parcial,2026-05-24,73,7
777,2.9,Taller,2026-07-05,73,7
778,3.3,Final,2026-04-12,73,8
779,3.4,Final,2026-05-24,73,8
780,4.0,Taller,2026-07-05,73,8
781,3.6,Taller,2026-04-12,74,5
782,2.4,Final,2026-05-24,74,5
783,3.8,Parcial,2026-07-05,74,5
784,4.0,Parcial,2026-04-12,74,6
785,3.9,Final,2026-05-24,74,6
786,4.4,Final,2026-07-05,74,6
787,4.2,Final,2026-04-12,74,7
788,3.9,Parcial,2026-05-24,74,7
789,3.4,Parcial,2026-07-05,74,7
790,2.2,Final,2026-04-12,74,8
791,3.8,Taller,2026-05-24,74,8
792,3.7,Final,2026-07-05,74,8
793,3.7,Final,2026-04-12,75,5
794,2.5,Parcial,2026-05-24,75,5
795,2.6,Final,2026-07-05,75,5
796,4.3,Parcial,2026-04-12,75,6
797,3.5,Taller,2026-05-24,75,6
798,4.0,Final,2026-07-05,75,6
799,3.5,Taller,2026-04-12,75,7
800,3.5,Final,2026-05-24,75,7
801,4.3,Taller,2026-07-05,75,7
802,3.1,Parcial,2026-04-12,75,8
803,3.6,Final,2026-05-24,75,8
804,3.1,Final,2026-07-05,75,8
805,3.2,Taller,2026-04-12,76,5
806,3.3,Parcial,2026-05-24,76,5
807,3.7,Taller,2026-07-05,76,5
808,3.1,Taller,2026-04-12,76,6
809,4.5,Parcial,2026-05-24,76,6
810,2.8,Taller,2026-07-05,76,6
811,3.4,Taller,2026-04-12,76,7
812,3.1,Final,2026-05-24,76,7
813,4.7,Taller,2026-07-05,76,7
814,3.7,Final,2026-04-12,76,8
815,4.3,Parcial,2026-05-24,76,8
816,2.3,Taller,2026-07-05,76,8
817,3.7,Parcial,2026-04-12,77,5
818,4.2,Final,2026-05-24,77,5
819,3.6,Final,2026-07-05,77,5
820,4.4,Final,2026-04-12,77,6
821,3.1,Taller,2026-05-24,77,6
822,4.6,Final,2026-07-05,77,6
823,5.0,Final,2026-04-12,77,7
824,3.2,Taller,2026-05-24,77,7
825,3.1,Taller,2026-07-05,77,7
826,4.7,Taller,2026-04-12,77,8
827,4.8,Final,2026-05-24,77,8
828,3.1,Final,2026-07-05,77,8
829,3.2,Taller,2026-04-12,78,5
830,3.3,Taller,2026-05-24,78,5
831,2.4,Parcial,2026-07-05,78,5
832,2.8,Parcial,2026-04-12,78,6
833,2.7,Taller,2026-05-24,78,6
834,2.9,Taller,2026-07-05,78,6
835,3.5,Parcial,2026-04-12,78,7
836,3.7,Taller,2026-05-24,78,7
837,4.7,Final,2026-07-05,78,7
838,2.7,Final,2026-04-12,78,8
839,4.3,Final,2026-05-24,78,8
840,3.3,Taller,2026-07-05,78,8
841,3.5,Taller,2026-04-12,79,5
842,4.0,Parcial,2026-05-24,79,5
843,2.6,Taller,2026-07-05,79,5
844,3.8,Taller,2026-04-12,79,6
845,3.6,Parcial,2026-05-24,79,6
846,3.9,Taller,2026-07-05,79,6
847,3.7,Parcial,2026-04-12,79,7
848,5.0,Taller,2026-05-24,79,7
849,3.0,Taller,2026-07-05,79,7
850,3.1,Taller,2026-04-12,79,8
851,3.0,Taller,2026-05-24,79,8
852,3.1,Final,2026-07-05,79,8
853,3.0,Final,2026-04-12,80,5
854,4.5,Taller,2026-05-24,80,5
855,4.6,Final,2026-07-05,80,5
856,3.0,Parcial,2026-04-12,80,6
857,2.8,Final,2026-05-24,80,6
858,3.9,Parcial,2026-07-05,80,6
859,3.1,Parcial,2026-04-12,80,7
860,4.0,Parcial,2026-05-24,80,7
861,3.7,Final,2026-07-05,80,7
862,2.3,Taller,2026-04-12,80,8
863,4.7,Taller,2026-05-24,80,8
864,4.9,Final,2026-07-05,80,8
865,3.0,Parcial,2026-04-12,81,5
866,3.2,Final,2026-05-24,81,5
867,3.7,Taller,2026-07-05,81,5
868,3.8,Final,2026-04-12,81,6
869,4.0,Final,2026-05-24,81,6
870,5.0,Taller,2026-07-05,81,6
871,3.4,Taller,2026-04-12,81,7
872,2.9,Parcial,2026-05-24,81,7
873,2.4,Parcial,2026-07-05,81,7
874,2.9,Taller,2026-04-12,81,8
875,3.5,Parcial,2026-05-24,81,8
876,4.9,Taller,2026-07-05,81,8
877,3.1,Final,2026-04-12,82,5
878,3.7,Parcial,2026-05-24,82,5
879,3.5,Taller,2026-07-05,82,5
880,4.5,Final,2026-04-12,82,6
881,5.0,Final,2026-05-24,82,6
882,3.1,Taller,2026-07-05,82,6
883,3.1,Taller,2026-04-12,82,7
884,4.3,Final,2026-05-24,82,7
885,4.0,Final,2026-07-05,82,7
886,5.0,Taller,2026-04-12,82,8
887,4.0,Taller,2026-05-24,82,8
888,3.2,Final,2026-07-05,82,8
889,4.0,Final,2026-04-12,83,5
890,4.4,Taller,2026-05-24,83,5
891,4.2,Taller,2026-07-05,83,5
892,3.9,Final,2026-04-12,83,6
893,4.4,Taller,2026-05-24,83,6
894,4.4,Taller,2026-07-05,83,6
895,4.6,Taller,2026-04-12,83,7
896,4.0,Taller,2026-05-24,83,7
897,3.4,Parcial,2026-07-05,83,7
898,3.6,Parcial,2026-04-12,83,8
899,4.5,Final,2026-05-24,83,8
900,2.8,Parcial,2026-07-05,83,8
901,3.8,Taller,2026-04-12,84,5
902,3.2,Parcial,2026-05-24,84,5
903,3.5,Final,2026-07-05,84,5
904,4.5,Final,2026-04-12,84,6
905,3.7,Final,2026-05-24,84,6
906,3.5,Parcial,2026-07-05,84,6
907,2.4,Parcial,2026-04-12,84,7
908,4.1,Parcial,2026-05-24,84,7
909,4.0,Final,2026-07-05,84,7
910,5.0,Taller,2026-04-12,84,8
911,3.3,Taller,2026-05-24,84,8
912,3.7,Final,2026-07-05,84,8
913,3.7,Final,2026-04-12,85,5
914,4.8,Final,2026-05-24,85,5
915,3.4,Final,2026-07-05,85,5
916,3.7,Taller,2026-04-12,85,6
917,4.0,Parcial,2026-05-24,85,6
918,3.6,Parcial,2026-07-05,85,6
919,3.1,Taller,2026-04-12,85,7
920,3.7,Parcial,2026-05-24,85,7
921,4.4,Taller,2026-07-05,85,7
922,2.7,Parcial,2026-04-12,85,8
923,3.6,Taller,2026-05-24,85,8
924,2.9,Parcial,2026-07-05,85,8
925,4.5,Final,2026-04-12,86,5
926,2.3,Final,2026-05-24,86,5
927,3.1,Parcial,2026-07-05,86,5
928,3.8,Taller,2026-04-12,86,6
929,4.8,Parcial,2026-05-24,86,6
930,3.4,Parcial,2026-07-05,86,6
931,3.1,Final,2026-04-12,86,7
932,5.0,Taller,2026-05-24,86,7
933,2.3,Final,2026-07-05,86,7
934,1.7,Parcial,2026-04-12,86,8
935,3.9,Final,2026-05-24,86,8
936,3.1,Taller,2026-07-05,86,8
937,2.7,Parcial,2026-04-12,87,5
938,4.1,Parcial,2026-05-24,87,5
939,3.7,Final,2026-07-05,87,5
940,3.0,Taller,2026-04-12,87,6
941,2.5,Taller,2026-05-24,87,6
942,4.2,Taller,2026-07-05,87,6
943,4.0,Taller,2026-04-12,87,7
944,3.4,Taller,2026-05-24,87,7
945,5.0,Parcial,2026-07-05,87,7
946,2.6,Parcial,2026-04-12,87,8
947,2.3,Taller,2026-05-24,87,8
948,2.9,Taller,2026-07-05,87,8
949,3.5,Parcial,2026-04-12,88,5
950,3.7,Parcial,2026-05-24,88,5
951,3.3,Taller,2026-07-05,88,5
952,3.8,Taller,2026-04-12,88,6
953,2.5,Parcial,2026-05-24,88,6
954,4.7,Final,2026-07-05,88,6
955,3.4,Final,2026-04-12,88,7
956,4.4,Final,2026-05-24,88,7
957,3.8,Parcial,2026-07-05,88,7
958,3.9,Parcial,2026-04-12,88,8
959,4.0,Parcial,2026-05-24,88,8
960,3.9,Final,2026-07-05,88,8
961,4.0,Taller,2026-04-12,89,5
962,4.6,Parcial,2026-05-24,89,5
963,3.7,Parcial,2026-07-05,89,5
964,4.1,Parcial,2026-04-12,89,6
965,3.4,Final,2026-05-24,89,6
966,4.7,Taller,2026-07-05,89,6
967,3.0,Final,2026-04-12,89,7
968,4.9,Final,2026-05-24,89,7
969,3.5,Final,2026-07-05,89,7
970,2.4,Parcial,2026-04-12,89,8
971,3.6,Final,2026-05-24,89,8
972,3.0,Taller,2026-07-05,89,8
973,4.2,Taller,2026-04-12,90,5
974,3.0,Taller,2026-05-24,90,5
975,3.1,Taller,2026-07-05,90,5
976,2.0,Final,2026-04-12,90,6
977,3.1,Taller,2026-05-24,90,6
978,1.6,Taller,2026-07-05,90,6
979,2.2,Final,2026-04-12,90,7
980,4.1,Final,2026-05-24,90,7
981,4.1,Parcial,2026-07-05,90,7
982,3.8,Final,2026-04-12,90,8
983,2.7,Final,2026-05-24,90,8
984,3.5,Parcial,2026-07-05,90,8
985,3.5,Parcial,2026-04-12,91,5
986,2.6,Final,2026-05-24,91,5
987,4.7,Parcial,2026-07-05,91,5
988,4.2,Taller,2026-04-12,91,6
989,3.3,Final,2026-05-24,91,6
990,3.5,Parcial,2026-07-05,91,6
991,3.7,Parcial,2026-04-12,91,7
992,1.9,Parcial,2026-05-24,91,7
993,3.3,Parcial,2026-07-05,91,7
994,3.0,Final,2026-04-12,91,8
995,2.7,Parcial,2026-05-24,91,8
996,3.3,Parcial,2026-07-05,91,8
997,4.9,Parcial,2026-04-12,92,5
998,4.0,Taller,2026-05-24,92,5
999,3.0,Taller,2026-07-05,92,5
1000,4.0,Final,2026-04-12,92,6
1001,4.6,Final,2026-05-24,92,6
1002,4.2,Taller,2026-07-05,92,6
1003,3.5,Taller,2026-04-12,92,7
1004,3.0,Parcial,2026-05-24,92,7
1005,4.1,Parcial,2026-07-05,92,7
1006,3.8,Taller,2026-04-12,92,8
1007,4.2,Final,2026-05-24,92,8
1008,4.0,Taller,2026-07-05,92,8
1009,4.3,Final,2026-04-12,93,5
1010,3.1,Taller,2026-05-24,93,5
1011,4.6,Parcial,2026-07-05,93,5
1012,3.7,Final,2026-04-12,93,6
1013,5.0,Parcial,2026-05-24,93,6
1014,2.9,Taller,2026-07-05,93,6
1015,4.9,Final,2026-04-12,93,7
1016,3.7,Final,2026-05-24,93,7
1017,3.0,Final,2026-07-05,93,7
1018,3.1,Parcial,2026-04-12,93,8
1019,3.2,Taller,2026-05-24,93,8
1020,3.8,Parcial,2026-07-05,93,8
1021,3.9,Final,2026-04-12,94,5
1022,3.0,Parcial,2026-05-24,94,5
1023,3.5,Final,2026-07-05,94,5
1024,5.0,Parcial,2026-04-12,94,6
1025,4.9,Taller,2026-05-24,94,6
1026,3.8,Parcial,2026-07-05,94,6
1027,3.5,Parcial,2026-04-12,94,7
1028,3.6,Parcial,2026-05-24,94,7
1029,4.0,Parcial,2026-07-05,94,7
1030,2.7,Taller,2026-04-12,94,8
1031,3.3,Final,2026-05-24,94,8
1032,2.2,Final,2026-07-05,94,8
1033,3.8,Final,2026-04-12,95,5
1034,4.0,Taller,2026-05-24,95,5
1035,3.1,Taller,2026-07-05,95,5
1036,4.8,Parcial,2026-04-12,95,6
1037,2.5,Taller,2026-05-24,95,6
1038,2.3,Final,2026-07-05,95,6
1039,3.7,Taller,2026-04-12,95,7
1040,4.3,Final,2026-05-24,95,7
1041,4.8,Taller,2026-07-05,95,7
1042,3.1,Taller,2026-04-12,95,8
1043,4.4,Final,2026-05-24,95,8
1044,3.5,Final,2026-07-05,95,8
1045,3.4,Taller,2026-04-12,96,5
1046,4.2,Taller,2026-05-24,96,5
1047,4.0,Parcial,2026-07-05,96,5
1048,2.2,Final,2026-04-12,96,6
1049,4.7,Parcial,2026-05-24,96,6
1050,4.6,Taller,2026-07-05,96,6
1051,3.0,Final,2026-04-12,96,7
1052,3.8,Taller,2026-05-24,96,7
1053,3.9,Final,2026-07-05,96,7
1054,3.7,Taller,2026-04-12,96,8
1055,3.1,Parcial,2026-05-24,96,8
1056,3.0,Parcial,2026-07-05,96,8
1057,3.5,Parcial,2026-04-12,97,5
1058,4.4,Final,2026-05-24,97,5
1059,3.9,Final,2026-07-05,97,5
1060,3.2,Final,2026-04-12,97,6
1061,4.1,Parcial,2026-05-24,97,6
1062,1.2,Final,2026-07-05,97,6
1063,4.4,Taller,2026-04-12,97,7
1064,2.1,Final,2026-05-24,97,7
1065,3.2,Parcial,2026-07-05,97,7
1066,2.6,Parcial,2026-04-12,97,8
1067,2.5,Taller,2026-05-24,97,8
1068,4.4,Final,2026-07-05,97,8
1069,3.1,Final,2026-04-12,98,5
1070,3.8,Taller,2026-05-24,98,5
1071,3.5,Taller,2026-07-05,98,5
1072,3.9,Parcial,2026-04-12,98,6
1073,3.6,Final,2026-05-24,98,6
1074,2.5,Taller,2026-07-05,98,6
1075,4.3,Final,2026-04-12,98,7
1076,3.1,Taller,2026-05-24,98,7
1077,2.3,Parcial,2026-07-05,98,7
1078,3.2,Taller,2026-04-12,98,8
1079,4.7,Taller,2026-05-24,98,8
1080,4.2,Taller,2026-07-05,98,8
1081,3.2,Taller,2026-04-12,99,5
1082,3.2,Taller,2026-05-24,99,5
1083,3.2,Final,2026-07-05,99,5
1084,5.0,Parcial,2026-04-12,99,6
1085,3.8,Parcial,2026-05-24,99,6
1086,3.8,Taller,2026-07-05,99,6
1087,4.3,Taller,2026-04-12,99,7
1088,3.7,Final,2026-05-24,99,7
1089,3.3,Taller,2026-07-05,99,7
1090,3.3,Taller,2026-04-12,99,8
1091,3.4,Final,2026-05-24,99,8
1092,3.5,Taller,2026-07-05,99,8
1093,4.1,Final,2026-04-12,100,5
1094,3.5,Parcial,2026-05-24,100,5
1095,4.1,Taller,2026-07-05,100,5
1096,3.4,Parcial,2026-04-12,100,6
1097,3.6,Taller,2026-05-24,100,6
1098,1.9,Taller,2026-07-05,100,6
1099,4.2,Taller,2026-04-12,100,7
1100,3.8,Parcial,2026-05-24,100,7
1101,4.3,Taller,2026-07-05,100,7
1102,1.2,Final,2026-04-12,100,8
1103,5.0,Parcial,2026-05-24,100,8
1104,3.4,Final,2026-07-05,100,8
1105,4.4,Final,2026-04-12,101,5
1106,2.7,Taller,2026-05-24,101,5
1107,4.0,Taller,2026-07-05,101,5
1108,2.7,Parcial,2026-04-12,101,6
1109,3.0,Parcial,2026-05-24,101,6
1110,5.0,Final,2026-07-05,101,6
1111,3.3,Taller,2026-04-12,101,7
1112,3.7,Final,2026-05-24,101,7
1113,4.2,Taller,2026-07-05,101,7
1114,3.9,Final,2026-04-12,101,8
1115,3.6,Taller,2026-05-24,101,8
1116,3.8,Parcial,2026-07-05,101,8
1117,5.0,Parcial,2026-04-12,102,5
1118,3.5,Taller,2026-05-24,102,5
1119,3.7,Final,2026-07-05,102,5
1120,4.3,Parcial,2026-04-12,102,6
1121,4.4,Taller,2026-05-24,102,6
1122,4.4,Taller,2026-07-05,102,6
1123,4.0,Final,2026-04-12,102,7
1124,2.6,Taller,2026-05-24,102,7
1125,4.8,Parcial,2026-07-05,102,7
1126,2.6,Parcial,2026-04-12,102,8
1127,3.7,Final,2026-05-24,102,8
1128,2.9,Final,2026-07-05,102,8
1129,3.4,Parcial,2026-04-12,103,5
1130,3.8,Final,2026-05-24,103,5
1131,3.8,Parcial,2026-07-05,103,5
1132,3.8,Taller,2026-04-12,103,6
1133,4.8,Final,2026-05-24,103,6
1134,3.9,Parcial,2026-07-05,103,6
1135,3.3,Final,2026-04-12,103,7
1136,4.3,Taller,2026-05-24,103,7
1137,4.5,Parcial,2026-07-05,103,7
1138,2.5,Parcial,2026-04-12,103,8
1139,4.0,Parcial,2026-05-24,103,8
1140,4.1,Taller,2026-07-05,103,8
1141,3.3,Parcial,2026-04-12,104,5
1142,4.6,Final,2026-05-24,104,5
1143,3.4,Parcial,2026-07-05,104,5
1144,3.6,Taller,2026-04-12,104,6
1145,3.4,Final,2026-05-24,104,6
1146,3.5,Taller,2026-07-05,104,6
1147,2.6,Final,2026-04-12,104,7
1148,2.3,Final,2026-05-24,104,7
1149,4.8,Taller,2026-07-05,104,7
1150,2.8,Taller,2026-04-12,104,8
1151,2.7,Taller,2026-05-24,104,8
1152,1.8,Taller,2026-07-05,104,8
1153,3.0,Parcial,2026-04-12,105,5
1154,2.4,Taller,2026-05-24,105,5
1155,4.8,Final,2026-07-05,105,5
1156,4.3,Parcial,2026-04-12,105,6
1157,2.9,Taller,2026-05-24,105,6
1158,5.0,Parcial,2026-07-05,105,6
1159,4.3,Final,2026-04-12,105,7
1160,3.2,Final,2026-05-24,105,7
1161,1.5,Final,2026-07-05,105,7
1162,5.0,Parcial,2026-04-12,105,8
1163,2.4,Parcial,2026-05-24,105,8
1164,2.2,Taller,2026-07-05,105,8
1165,4.3,Taller,2026-04-12,106,5
1166,5.0,Taller,2026-05-24,106,5
1167,4.6,Final,2026-07-05,106,5
1168,4.0,Taller,2026-04-12,106,6
1169,4.0,Parcial,2026-05-24,106,6
1170,4.2,Taller,2026-07-05,106,6
1171,4.1,Final,2026-04-12,106,7
1172,3.7,Taller,2026-05-24,106,7
1173,3.6,Final,2026-07-05,106,7
1174,3.4,Final,2026-04-12,106,8
1175,2.9,Final,2026-05-24,106,8
1176,3.3,Taller,2026-07-05,106,8
1177,2.1,Parcial,2026-04-12,107,5
1178,3.4,Taller,2026-05-24,107,5
1179,2.7,Final,2026-07-05,107,5
1180,2.6,Taller,2026-04-12,107,6
1181,3.6,Taller,2026-05-24,107,6
1182,4.6,Taller,2026-07-05,107,6
1183,4.2,Final,2026-04-12,107,7
1184,2.2,Final,2026-05-24,107,7
1185,2.7,Taller,2026-07-05,107,7
1186,4.3,Taller,2026-04-12,107,8
1187,2.7,Taller,2026-05-24,107,8
1188,3.3,Parcial,2026-07-05,107,8
1189,3.9,Final,2026-04-12,108,5
1190,2.7,Parcial,2026-05-24,108,5
1191,3.6,Final,2026-07-05,108,5
1192,2.4,Taller,2026-04-12,108,6
1193,3.0,Parcial,2026-05-24,108,6
1194,3.8,Taller,2026-07-05,108,6
1195,2.2,Parcial,2026-04-12,108,7
1196,3.9,Taller,2026-05-24,108,7
1197,3.5,Final,2026-07-05,108,7
1198,3.9,Taller,2026-04-12,108,8
1199,3.7,Final,2026-05-24,108,8
1200,4.6,Taller,2026-07-05,108,8
1201,3.6,Taller,2026-04-12,109,5
1202,3.2,Final,2026-05-24,109,5
1203,3.6,Final,2026-07-05,109,5
1204,3.9,Parcial,2026-04-12,109,6
1205,3.5,Taller,2026-05-24,109,6
1206,3.5,Parcial,2026-07-05,109,6
1207,2.9,Parcial,2026-04-12,109,7
1208,3.0,Final,2026-05-24,109,7
1209,2.4,Final,2026-07-05,109,7
1210,4.9,Taller,2026-04-12,109,8
1211,2.5,Parcial,2026-05-24,109,8
1212,2.9,Taller,2026-07-05,109,8
1213,2.9,Parcial,2026-04-12,110,5
1214,4.2,Final,2026-05-24,110,5
1215,3.3,Taller,2026-07-05,110,5
1216,4.5,Parcial,2026-04-12,110,6
1217,3.0,Final,2026-05-24,110,6
1218,3.7,Parcial,2026-07-05,110,6
1219,2.8,Taller,2026-04-12,110,7
1220,5.0,Final,2026-05-24,110,7
1221,2.5,Parcial,2026-07-05,110,7
1222,3.7,Parcial,2026-04-12,110,8
1223,4.0,Taller,2026-05-24,110,8
1224,3.8,Taller,2026-07-05,110,8
1225,3.4,Taller,2026-04-12,111,5
1226,3.4,Final,2026-05-24,111,5
1227,3.5,Final,2026-07-05,111,5
1228,3.4,Taller,2026-04-12,111,6
1229,4.3,Final,2026-05-24,111,6
1230,5.0,Parcial,2026-07-05,111,6
1231,3.1,Taller,2026-04-12,111,7
1232,2.4,Final,2026-05-24,111,7
1233,3.4,Final,2026-07-05,111,7
1234,5.0,Taller,2026-04-12,111,8
1235,2.9,Taller,2026-05-24,111,8
1236,4.8,Final,2026-07-05,111,8
1237,4.8,Final,2026-04-12,112,5
1238,3.1,Taller,2026-05-24,112,5
1239,4.0,Final,2026-07-05,112,5
1240,4.8,Parcial,2026-04-12,112,6
1241,3.2,Final,2026-05-24,112,6
1242,3.3,Parcial,2026-07-05,112,6
1243,3.0,Parcial,2026-04-12,112,7
1244,2.7,Final,2026-05-24,112,7
1245,3.0,Final,2026-07-05,112,7
1246,2.5,Taller,2026-04-12,112,8
1247,3.5,Parcial,2026-05-24,112,8
1248,2.9,Final,2026-07-05,112,8
1249,3.7,Parcial,2026-04-12,113,5
1250,2.3,Taller,2026-05-24,113,5
1251,3.8,Parcial,2026-07-05,113,5
1252,4.2,Final,2026-04-12,113,6
1253,1.9,Final,2026-05-24,113,6
1254,3.8,Parcial,2026-07-05,113,6
1255,4.5,Taller,2026-04-12,113,7
1256,2.5,Parcial,2026-05-24,113,7
1257,4.8,Final,2026-07-05,113,7
1258,3.8,Taller,2026-04-12,113,8
1259,2.9,Parcial,2026-05-24,113,8
1260,3.5,Parcial,2026-07-05,113,8
1261,3.9,Taller,2026-04-12,114,5
1262,3.6,Parcial,2026-05-24,114,5
1263,3.9,Taller,2026-07-05,114,5
1264,2.8,Taller,2026-04-12,114,6
1265,3.6,Taller,2026-05-24,114,6
1266,2.4,Taller,2026-07-05,114,6
1267,3.4,Parcial,2026-04-12,114,7
1268,2.8,Parcial,2026-05-24,114,7
1269,2.9,Final,2026-07-05,114,7
1270,4.5,Taller,2026-04-12,114,8
1271,4.4,Final,2026-05-24,114,8
1272,4.0,Final,2026-07-05,114,8
1273,2.6,Parcial,2026-04-12,115,5
1274,3.2,Parcial,2026-05-24,115,5
1275,4.5,Parcial,2026-07-05,115,5
1276,3.6,Parcial,2026-04-12,115,6
1277,5.0,Final,2026-05-24,115,6
1278,3.8,Taller,2026-07-05,115,6
1279,3.7,Final,2026-04-12,115,7
1280,3.3,Final,2026-05-24,115,7
1281,3.6,Parcial,2026-07-05,115,7
1282,3.4,Taller,2026-04-12,115,8
1283,4.1,Final,2026-05-24,115,8
1284,4.3,Parcial,2026-07-05,115,8
1285,2.9,Parcial,2026-04-12,116,5
1286,2.4,Taller,2026-05-24,116,5
1287,2.0,Final,2026-07-05,116,5
1288,3.9,Taller,2026-04-12,116,6
1289,2.6,Taller,2026-05-24,116,6
1290,1.8,Taller,2026-07-05,116,6
1291,3.8,Final,2026-04-12,116,7
1292,5.0,Parcial,2026-05-24,116,7
1293,3.5,Taller,2026-07-05,116,7
1294,4.2,Taller,2026-04-12,116,8
1295,3.6,Final,2026-05-24,116,8
1296,3.4,Final,2026-07-05,116,8
1297,4.2,Parcial,2026-04-12,117,5
1298,3.3,Parcial,2026-05-24,117,5
1299,3.7,Taller,2026-07-05,117,5
1300,3.8,Taller,2026-04-12,117,6
1301,3.0,Final,2026-05-24,117,6
1302,4.3,Taller,2026-07-05,117,6
1303,3.4,Final,2026-04-12,117,7
1304,2.9,Taller,2026-05-24,117,7
1305,3.9,Final,2026-07-05,117,7
1306,2.8,Taller,2026-04-12,117,8
1307,3.5,Taller,2026-05-24,117,8
1308,3.5,Taller,2026-07-05,117,8
1309,4.4,Parcial,2026-04-12,118,5
1310,3.9,Taller,2026-05-24,118,5
1311,3.5,Taller,2026-07-05,118,5
1312,4.2,Parcial,2026-04-12,118,6
1313,4.6,Parcial,2026-05-24,118,6
1314,3.9,Taller,2026-07-05,118,6
1315,3.5,Final,2026-04-12,118,7
1316,2.5,Taller,2026-05-24,118,7
1317,2.6,Final,2026-07-05,118,7
1318,3.3,Taller,2026-04-12,118,8
1319,3.0,Final,2026-05-24,118,8
1320,3.4,Taller,2026-07-05,118,8
1321,3.5,Parcial,2026-04-12,119,5
1322,3.9,Final,2026-05-24,119,5
1323,3.4,Taller,2026-07-05,119,5
1324,3.9,Taller,2026-04-12,119,6
1325,3.6,Parcial,2026-05-24,119,6
1326,1.9,Final,2026-07-05,119,6
1327,2.7,Final,2026-04-12,119,7
1328,3.4,Final,2026-05-24,119,7
1329,2.5,Parcial,2026-07-05,119,7
1330,4.0,Final,2026-04-12,119,8
1331,4.7,Final,2026-05-24,119,8
1332,4.5,Taller,2026-07-05,119,8
1333,3.3,Taller,2026-04-12,120,5
1334,4.7,Parcial,2026-05-24,120,5
1335,3.6,Final,2026-07-05,120,5
1336,3.2,Taller,2026-04-12,120,6
1337,3.0,Parcial,2026-05-24,120,6
1338,3.3,Final,2026-07-05,120,6
1339,3.2,Parcial,2026-04-12,120,7
1340,3.6,Final,2026-05-24,120,7
1341,3.6,Taller,2026-07-05,120,7
1342,3.5,Final,2026-04-12,120,8
1343,3.8,Final,2026-05-24,120,8
1344,4.5,Final,2026-07-05,120,8
1345,4.3,Final,2026-04-12,121,5
1346,2.3,Parcial,2026-05-24,121,5
1347,1.5,Final,2026-07-05,121,5
1348,4.2,Parcial,2026-04-12,121,6
1349,2.4,Final,2026-05-24,121,6
1350,3.3,Final,2026-07-05,121,6
1351,2.6,Parcial,2026-04-12,121,7
1352,2.1,Taller,2026-05-24,121,7
1353,3.9,Taller,2026-07-05,121,7
1354,4.1,Parcial,2026-04-12,121,8
1355,3.0,Final,2026-05-24,121,8
1356,1.4,Taller,2026-07-05,121,8
1357,3.1,Final,2026-04-12,122,5
1358,3.8,Parcial,2026-05-24,122,5
1359,2.3,Parcial,2026-07-05,122,5
1360,3.6,Taller,2026-04-12,122,6
1361,3.5,Taller,2026-05-24,122,6
1362,4.0,Final,2026-07-05,122,6
1363,3.6,Taller,2026-04-12,122,7
1364,2.7,Parcial,2026-05-24,122,7
1365,4.5,Parcial,2026-07-05,122,7
1366,3.4,Parcial,2026-04-12,122,8
1367,3.5,Final,2026-05-24,122,8
1368,2.8,Taller,2026-07-05,122,8
1369,3.1,Final,2026-04-12,123,5
1370,2.8,Final,2026-05-24,123,5
1371,3.4,Taller,2026-07-05,123,5
1372,4.9,Parcial,2026-04-12,123,6
1373,2.4,Taller,2026-05-24,123,6
1374,2.2,Taller,2026-07-05,123,6
1375,4.7,Taller,2026-04-12,123,7
1376,3.3,Final,2026-05-24,123,7
1377,3.0,Taller,2026-07-05,123,7
1378,4.3,Parcial,2026-04-12,123,8
1379,3.0,Taller,2026-05-24,123,8
1380,5.0,Parcial,2026-07-05,123,8
1381,4.0,Parcial,2026-04-12,124,5
1382,3.1,Parcial,2026-05-24,124,5
1383,5.0,Final,2026-07-05,124,5
1384,3.0,Final,2026-04-12,124,6
1385,4.1,Final,2026-05-24,124,6
1386,3.7,Taller,2026-07-05,124,6
1387,4.5,Final,2026-04-12,124,7
1388,4.7,Taller,2026-05-24,124,7
1389,3.5,Parcial,2026-07-05,124,7
1390,2.9,Taller,2026-04-12,124,8
1391,3.9,Parcial,2026-05-24,124,8
1392,3.0,Taller,2026-07-05,124,8
1393,5.0,Final,2026-04-12,125,5
1394,3.6,Parcial,2026-05-24,125,5
1395,3.2,Taller,2026-07-05,125,5
1396,3.6,Taller,2026-04-12,125,6
1397,2.4,Final,2026-05-24,125,6
1398,2.7,Final,2026-07-05,125,6
1399,4.5,Final,2026-04-12,125,7
1400,3.0,Taller,2026-05-24,125,7
1401,2.7,Final,2026-07-05,125,7
1402,3.9,Taller,2026-04-12,125,8
1403,4.4,Final,2026-05-24,125,8
1404,4.1,Taller,2026-07-05,125,8
1405,4.3,Parcial,2026-04-12,126,5
1406,2.9,Final,2026-05-24,126,5
1407,2.4,Parcial,2026-07-05,126,5
1408,4.7,Taller,2026-04-12,126,6
1409,3.2,Parcial,2026-05-24,126,6
1410,3.3,Final,2026-07-05,126,6
1411,4.6,Final,2026-04-12,126,7
1412,3.9,Taller,2026-05-24,126,7
1413,3.9,Final,2026-07-05,126,7
1414,5.0,Parcial,2026-04-12,126,8
1415,3.0,Final,2026-05-24,126,8
1416,4.2,Parcial,2026-07-05,126,8
1417,3.5,Final,2026-04-12,127,5
1418,3.7,Taller,2026-05-24,127,5
1419,4.7,Final,2026-07-05,127,5
1420,3.9,Taller,2026-04-12,127,6
1421,3.9,Final,2026-05-24,127,6
1422,4.4,Taller,2026-07-05,127,6
1423,3.2,Parcial,2026-04-12,127,7
1424,2.8,Parcial,2026-05-24,127,7
1425,2.7,Parcial,2026-07-05,127,7
1426,1.9,Parcial,2026-04-12,127,8
1427,5.0,Taller,2026-05-24,127,8
1428,2.6,Taller,2026-07-05,127,8
1429,3.3,Parcial,2026-04-12,128,5
1430,3.3,Parcial,2026-05-24,128,5
1431,3.7,Parcial,2026-07-05,128,5
1432,4.2,Final,2026-04-12,128,6
1433,4.2,Parcial,2026-05-24,128,6
1434,3.0,Taller,2026-07-05,128,6
1435,3.4,Taller,2026-04-12,128,7
1436,3.7,Taller,2026-05-24,128,7
1437,3.3,Final,2026-07-05,128,7
1438,4.8,Final,2026-04-12,128,8
1439,3.9,Final,2026-05-24,128,8
1440,4.1,Final,2026-07-05,128,8
